Name,Maths,English,Science,Art,Geography,History,Total Score,Average,Grade
aaron,80,70,50,70,80,60,410,68.33333333333333,C+
Mio,50,50,50,50,50,50,300,50.0,FAIL
Jackson,70,30,20,90,80,90,380,63.333333333333336,FAIL
Kennedy,90,70,100,100,90,80,530,88.33333333333333,A
aaron,90,60,100,100,100,90,540,90.0,A
name3,100,100,100,100,100,0,500,83.33333333333333,A-
